{
    "train_runtime": 30980.9939,
    "train_samples_per_second": 0.644,
    "train_steps_per_second": 0.02,
    "train_loss": 4.609840882130158,
    "epoch": 2.0,
    "eval_loss": 4.066191673278809,
    "eval_wups": 0.23547088198600666,
    "eval_acc": 0.17000801924619086,
    "eval_f1": 0.009127085061729332,
    "eval_runtime": 432.3826,
    "eval_samples_per_second": 5.768,
    "eval_steps_per_second": 0.18,
    "num_params": 211493126
}